<?xml version="1.0" encoding="UTF-8"?>
<config xmlns="http://www.knime.org/2008/09/XMLConfig" xmlns:xsi="http://www.w3.org/2001/XMLSchema-instance" xsi:schemaLocation="http://www.knime.org/2008/09/XMLConfig http://www.knime.org/XMLConfig_2008_09.xsd" key="model.xml">
    <entry key="version" type="xint" value="1"/>
    <entry key="class_name" type="xstring" value="org.knime.base.data.normalize.NormalizerPortObject"/>
    <config key="model">
        <config key="columns">
            <config key="Year">
                <entry key="column_name" type="xstring" value="Year"/>
                <entry key="column_scale" type="xdouble" value="0.06666666666666667"/>
                <entry key="column_translate" type="xdouble" value="-133.33333333333334"/>
                <entry key="column_min" type="xdouble" value="0.0"/>
                <entry key="column_max" type="xdouble" value="1.0"/>
            </config>
            <config key="Life expectancy">
                <entry key="column_name" type="xstring" value="Life expectancy"/>
                <entry key="column_scale" type="xdouble" value="0.022222222222222223"/>
                <entry key="column_translate" type="xdouble" value="-0.9777777777777779"/>
                <entry key="column_min" type="xdouble" value="0.0"/>
                <entry key="column_max" type="xdouble" value="1.0"/>
            </config>
            <config key="Adult Mortality">
                <entry key="column_name" type="xstring" value="Adult Mortality"/>
                <entry key="column_scale" type="xdouble" value="0.0013850415512465374"/>
                <entry key="column_translate" type="xdouble" value="-0.0013850415512465374"/>
                <entry key="column_min" type="xdouble" value="0.0"/>
                <entry key="column_max" type="xdouble" value="1.0"/>
            </config>
            <config key="infant deaths">
                <entry key="column_name" type="xstring" value="infant deaths"/>
                <entry key="column_scale" type="xdouble" value="6.25E-4"/>
                <entry key="column_translate" type="xdouble" value="0.0"/>
                <entry key="column_min" type="xdouble" value="0.0"/>
                <entry key="column_max" type="xdouble" value="1.0"/>
            </config>
            <config key="Alcohol">
                <entry key="column_name" type="xstring" value="Alcohol"/>
                <entry key="column_scale" type="xdouble" value="0.055991041433370664"/>
                <entry key="column_translate" type="xdouble" value="-5.599104143337066E-4"/>
                <entry key="column_min" type="xdouble" value="0.0"/>
                <entry key="column_max" type="xdouble" value="1.0"/>
            </config>
            <config key="percentage expenditure">
                <entry key="column_name" type="xstring" value="percentage expenditure"/>
                <entry key="column_scale" type="xdouble" value="5.273886478728628E-5"/>
                <entry key="column_translate" type="xdouble" value="0.0"/>
                <entry key="column_min" type="xdouble" value="0.0"/>
                <entry key="column_max" type="xdouble" value="1.0"/>
            </config>
            <config key="Hepatitis B">
                <entry key="column_name" type="xstring" value="Hepatitis B"/>
                <entry key="column_scale" type="xdouble" value="0.010309278350515464"/>
                <entry key="column_translate" type="xdouble" value="-0.020618556701030927"/>
                <entry key="column_min" type="xdouble" value="0.0"/>
                <entry key="column_max" type="xdouble" value="1.0"/>
            </config>
            <config key="Measles">
                <entry key="column_name" type="xstring" value="Measles"/>
                <entry key="column_scale" type="xdouble" value="7.607976202250439E-6"/>
                <entry key="column_translate" type="xdouble" value="0.0"/>
                <entry key="column_min" type="xdouble" value="0.0"/>
                <entry key="column_max" type="xdouble" value="1.0"/>
            </config>
            <config key="BMI">
                <entry key="column_name" type="xstring" value="BMI"/>
                <entry key="column_scale" type="xdouble" value="0.013315579227696406"/>
                <entry key="column_translate" type="xdouble" value="-0.026631158455392812"/>
                <entry key="column_min" type="xdouble" value="0.0"/>
                <entry key="column_max" type="xdouble" value="1.0"/>
            </config>
            <config key="under-five deaths">
                <entry key="column_name" type="xstring" value="under-five deaths"/>
                <entry key="column_scale" type="xdouble" value="4.761904761904762E-4"/>
                <entry key="column_translate" type="xdouble" value="0.0"/>
                <entry key="column_min" type="xdouble" value="0.0"/>
                <entry key="column_max" type="xdouble" value="1.0"/>
            </config>
            <config key="Polio">
                <entry key="column_name" type="xstring" value="Polio"/>
                <entry key="column_scale" type="xdouble" value="0.010416666666666666"/>
                <entry key="column_translate" type="xdouble" value="-0.03125"/>
                <entry key="column_min" type="xdouble" value="0.0"/>
                <entry key="column_max" type="xdouble" value="1.0"/>
            </config>
            <config key="Total expenditure">
                <entry key="column_name" type="xstring" value="Total expenditure"/>
                <entry key="column_scale" type="xdouble" value="0.07326007326007326"/>
                <entry key="column_translate" type="xdouble" value="-0.054212454212454214"/>
                <entry key="column_min" type="xdouble" value="0.0"/>
                <entry key="column_max" type="xdouble" value="1.0"/>
            </config>
            <config key="Diphtheria">
                <entry key="column_name" type="xstring" value="Diphtheria"/>
                <entry key="column_scale" type="xdouble" value="0.010309278350515464"/>
                <entry key="column_translate" type="xdouble" value="-0.020618556701030927"/>
                <entry key="column_min" type="xdouble" value="0.0"/>
                <entry key="column_max" type="xdouble" value="1.0"/>
            </config>
            <config key="HIV/AIDS">
                <entry key="column_name" type="xstring" value="HIV/AIDS"/>
                <entry key="column_scale" type="xdouble" value="0.019801980198019802"/>
                <entry key="column_translate" type="xdouble" value="-0.0019801980198019802"/>
                <entry key="column_min" type="xdouble" value="0.0"/>
                <entry key="column_max" type="xdouble" value="1.0"/>
            </config>
            <config key="GDP">
                <entry key="column_name" type="xstring" value="GDP"/>
                <entry key="column_scale" type="xdouble" value="8.391298996785926E-6"/>
                <entry key="column_translate" type="xdouble" value="-1.4108710568246015E-5"/>
                <entry key="column_min" type="xdouble" value="0.0"/>
                <entry key="column_max" type="xdouble" value="1.0"/>
            </config>
            <config key="Population">
                <entry key="column_name" type="xstring" value="Population"/>
                <entry key="column_scale" type="xdouble" value="7.728815883730662E-10"/>
                <entry key="column_translate" type="xdouble" value="-2.627797400468425E-8"/>
                <entry key="column_min" type="xdouble" value="0.0"/>
                <entry key="column_max" type="xdouble" value="1.0"/>
            </config>
            <config key="thinness  1-19 years">
                <entry key="column_name" type="xstring" value="thinness  1-19 years"/>
                <entry key="column_scale" type="xdouble" value="0.03690036900369004"/>
                <entry key="column_translate" type="xdouble" value="-0.003690036900369004"/>
                <entry key="column_min" type="xdouble" value="0.0"/>
                <entry key="column_max" type="xdouble" value="1.0"/>
            </config>
            <config key="thinness 5-9 years">
                <entry key="column_name" type="xstring" value="thinness 5-9 years"/>
                <entry key="column_scale" type="xdouble" value="0.03558718861209965"/>
                <entry key="column_translate" type="xdouble" value="-0.003558718861209965"/>
                <entry key="column_min" type="xdouble" value="0.0"/>
                <entry key="column_max" type="xdouble" value="1.0"/>
            </config>
            <config key="Income composition of resources">
                <entry key="column_name" type="xstring" value="Income composition of resources"/>
                <entry key="column_scale" type="xdouble" value="1.0683760683760684"/>
                <entry key="column_translate" type="xdouble" value="0.0"/>
                <entry key="column_min" type="xdouble" value="0.0"/>
                <entry key="column_max" type="xdouble" value="1.0"/>
            </config>
            <config key="Schooling">
                <entry key="column_name" type="xstring" value="Schooling"/>
                <entry key="column_scale" type="xdouble" value="0.06060606060606061"/>
                <entry key="column_translate" type="xdouble" value="-0.2545454545454546"/>
                <entry key="column_min" type="xdouble" value="0.0"/>
                <entry key="column_max" type="xdouble" value="1.0"/>
            </config>
        </config>
        <entry key="summary" type="xstring" value="Min/Max (0.0, 1) normalization on 20 column(s)"/>
    </config>
</config>
