1,1,Wed Apr 28 16:25:14 2021
1,1,Wed Apr 28 16:25:20 2021
1,1,Wed Apr 28 19:45:32 2021
1,1,Wed Apr 28 19:45:43 2021
1,1,Wed Apr 28 19:45:49 2021
1,1,Wed Apr 28 19:45:54 2021
1,1,Wed Apr 28 19:46:00 2021
1,1,Wed Apr 28 19:46:07 2021
1,1,Wed Apr 28 19:46:12 2021
1,1,Wed Apr 28 19:46:17 2021
1,1,Wed Apr 28 19:46:22 2021
1,1,Wed Apr 28 19:46:27 2021
1,1,Wed Apr 28 19:46:33 2021
1,1,Wed Apr 28 19:46:39 2021
1,1,Wed Apr 28 19:46:45 2021
1,1,Fri Apr 30 18:56:59 2021
1,1,Fri Apr 30 18:57:23 2021
1,1,Fri Apr 30 18:57:32 2021
1,1,Fri Apr 30 18:57:37 2021
1,1,Fri Apr 30 18:57:43 2021
1,1,Fri Apr 30 18:57:49 2021
1,1,Fri Apr 30 18:57:58 2021
1,1,Fri Apr 30 18:58:03 2021
1,1,Fri Apr 30 18:58:08 2021
1,1,Fri Apr 30 18:58:17 2021
1,1,Fri Apr 30 18:58:22 2021
1,1,Fri Apr 30 18:58:28 2021
1,1,Fri Apr 30 18:58:33 2021
1,1,Fri Apr 30 18:58:38 2021
1,1,Fri Apr 30 18:58:45 2021
1,1,Fri Apr 30 18:58:50 2021
1,1,Fri Apr 30 18:58:54 2021
1,1,Fri Apr 30 18:59:01 2021
1,1,Fri Apr 30 18:59:06 2021
1,1,Fri Apr 30 18:59:11 2021
1,1,Fri Apr 30 18:59:18 2021
1,1,Fri Apr 30 18:59:22 2021
1,1,Fri Apr 30 18:59:27 2021
1,1,Fri Apr 30 18:59:31 2021
1,1,Fri Apr 30 18:59:37 2021
1,1,Fri Apr 30 18:59:43 2021
1,1,Fri Apr 30 18:59:48 2021
1,1,Fri Apr 30 18:59:52 2021
1,1,Fri Apr 30 18:59:58 2021
1,1,Fri Apr 30 19:00:06 2021
1,1,Fri Apr 30 19:00:12 2021
1,1,Fri Apr 30 19:00:16 2021
1,1,Fri Apr 30 19:00:21 2021
1,1,Fri Apr 30 19:00:29 2021
1,1,Fri Apr 30 19:00:34 2021
1,1,Fri Apr 30 19:00:43 2021
1,1,Fri Apr 30 19:00:50 2021
1,1,Fri Apr 30 19:01:02 2021
1,1,Fri Apr 30 19:01:09 2021
1,1,Fri Apr 30 19:01:17 2021
1,1,Fri Apr 30 19:02:04 2021
1,1,Fri Apr 30 19:02:12 2021
1,1,Fri Apr 30 19:02:17 2021
1,1,Fri Apr 30 19:02:22 2021
1,1,Fri Apr 30 19:02:29 2021
1,1,Fri Apr 30 19:02:35 2021
1,1,Fri Apr 30 19:02:40 2021
1,1,Fri Apr 30 19:02:44 2021
1,1,Fri Apr 30 19:02:49 2021
1,1,Fri Apr 30 19:02:56 2021
1,1,Fri Apr 30 19:03:01 2021
1,1,Fri Apr 30 19:03:11 2021
1,1,Fri Apr 30 19:03:16 2021
1,1,Fri Apr 30 19:03:22 2021
1,1,Fri Apr 30 19:03:27 2021
1,1,Fri Apr 30 19:03:32 2021
1,1,Fri Apr 30 19:03:36 2021
1,1,Fri Apr 30 19:03:41 2021
1,1,Fri Apr 30 19:03:47 2021
1,1,Fri Apr 30 19:04:06 2021
1,1,Fri Apr 30 19:04:14 2021
1,1,Fri Apr 30 19:04:19 2021
1,1,Fri Apr 30 19:04:24 2021
1,1,Fri Apr 30 19:04:29 2021
1,1,Fri Apr 30 19:04:43 2021
1,1,Fri Apr 30 19:05:05 2021
1,1,Fri Apr 30 19:05:13 2021
1,1,Fri Apr 30 19:05:17 2021
1,1,Fri Apr 30 19:05:22 2021
1,1,Fri Apr 30 19:05:30 2021
1,1,Fri Apr 30 19:05:37 2021
1,1,Fri Apr 30 19:05:44 2021
1,1,Fri Apr 30 19:05:52 2021
1,1,Fri Apr 30 19:06:02 2021
1,1,Fri Apr 30 19:06:06 2021
1,1,Fri Apr 30 19:06:16 2021
1,1,Fri Apr 30 19:08:39 2021
1,1,Fri Apr 30 19:08:59 2021
1,1,Fri Apr 30 19:09:23 2021
1,1,Fri Apr 30 19:09:53 2021
1,1,Fri Apr 30 19:10:47 2021
1,1,Fri Apr 30 19:11:00 2021
1,1,Fri Apr 30 19:11:09 2021
1,1,Fri Apr 30 19:11:23 2021
1,1,Fri Apr 30 19:11:33 2021
1,1,Fri Apr 30 19:11:37 2021
1,1,Fri Apr 30 19:11:59 2021
1,1,Fri Apr 30 19:12:07 2021
1,1,Fri Apr 30 19:12:14 2021
1,1,Fri Apr 30 19:13:12 2021
1,1,Fri Apr 30 19:13:16 2021
1,1,Fri Apr 30 19:13:38 2021
1,1,Fri Apr 30 19:13:43 2021
1,1,Fri Apr 30 19:14:08 2021
1,1,Fri Apr 30 19:14:21 2021
1,1,Fri Apr 30 19:14:29 2021
1,1,Fri Apr 30 19:14:34 2021
1,1,Fri Apr 30 19:14:41 2021
1,1,Fri Apr 30 19:14:46 2021
1,1,Fri Apr 30 19:14:51 2021
1,1,Fri Apr 30 19:14:56 2021
1,1,Fri Apr 30 19:15:01 2021
1,1,Fri Apr 30 19:15:08 2021
1,1,Fri Apr 30 19:15:15 2021
1,1,Fri Apr 30 19:16:07 2021
1,1,Fri Apr 30 19:16:12 2021
1,1,Fri Apr 30 19:16:17 2021
1,1,Fri Apr 30 19:16:32 2021
1,1,Fri Apr 30 19:16:37 2021
1,1,Fri Apr 30 19:17:01 2021
1,1,Fri Apr 30 19:17:06 2021
1,1,Fri Apr 30 19:17:10 2021
1,1,Fri Apr 30 19:17:27 2021
1,1,Fri Apr 30 19:17:31 2021
1,1,Fri Apr 30 19:17:42 2021
1,1,Fri Apr 30 19:17:57 2021
1,1,Fri Apr 30 19:18:27 2021
1,1,Fri Apr 30 19:18:43 2021
1,1,Fri Apr 30 19:18:54 2021
1,1,Fri Apr 30 19:19:50 2021
1,1,Fri Apr 30 19:19:53 2021
1,1,Fri Apr 30 19:19:59 2021
1,1,Fri Apr 30 19:20:13 2021
2,1,Fri Apr 30 19:20:39 2021
2,1,Fri Apr 30 19:20:44 2021
1,1,Fri Apr 30 19:20:45 2021
2,1,Fri Apr 30 19:20:49 2021
1,1,Fri Apr 30 19:20:49 2021
1,1,Fri Apr 30 19:20:54 2021
2,1,Fri Apr 30 19:20:54 2021
2,1,Fri Apr 30 19:20:58 2021
2,1,Fri Apr 30 19:21:03 2021
1,1,Fri Apr 30 19:21:05 2021
2,1,Fri Apr 30 19:21:12 2021
1,1,Fri Apr 30 19:21:28 2021
2,1,Fri Apr 30 19:21:29 2021
2,1,Fri Apr 30 19:21:33 2021
1,1,Fri Apr 30 19:21:33 2021
1,1,Fri Apr 30 19:21:37 2021
2,1,Fri Apr 30 19:21:38 2021
1,1,Fri Apr 30 19:21:42 2021
1,1,Fri Apr 30 19:21:47 2021
2,1,Fri Apr 30 19:21:56 2021
2,1,Fri Apr 30 19:22:04 2021
2,1,Fri Apr 30 19:22:09 2021
2,1,Fri Apr 30 19:22:14 2021
2,1,Fri Apr 30 19:22:19 2021
1,1,Fri Apr 30 19:22:25 2021
2,1,Fri Apr 30 19:22:26 2021
1,1,Fri Apr 30 19:22:36 2021
2,1,Fri Apr 30 19:22:37 2021
2,1,Fri Apr 30 19:22:43 2021
2,1,Fri Apr 30 19:22:48 2021
1,1,Fri Apr 30 19:22:49 2021
2,1,Fri Apr 30 19:22:53 2021
2,1,Fri Apr 30 19:22:59 2021
1,1,Fri Apr 30 19:23:09 2021
1,1,Fri Apr 30 19:23:13 2021
2,1,Fri Apr 30 19:23:20 2021
1,1,Fri Apr 30 19:23:22 2021
2,1,Fri Apr 30 19:23:25 2021
1,1,Fri Apr 30 19:23:32 2021
2,1,Fri Apr 30 19:23:43 2021
2,1,Fri Apr 30 19:23:49 2021
2,1,Fri Apr 30 19:23:53 2021
1,1,Fri Apr 30 19:23:53 2021
2,1,Fri Apr 30 19:23:59 2021
1,1,Fri Apr 30 19:24:04 2021
2,1,Fri Apr 30 19:24:14 2021
1,1,Fri Apr 30 19:24:15 2021
2,1,Fri Apr 30 19:24:19 2021
2,1,Fri Apr 30 19:24:28 2021
2,1,Fri Apr 30 19:24:34 2021
2,1,Fri Apr 30 19:24:40 2021
1,1,Fri Apr 30 19:24:40 2021
2,1,Fri Apr 30 19:24:50 2021
2,1,Fri Apr 30 19:24:55 2021
2,1,Fri Apr 30 19:25:01 2021
2,1,Fri Apr 30 19:25:05 2021
2,1,Fri Apr 30 19:25:10 2021
1,1,Fri Apr 30 19:25:10 2021
1,1,Fri Apr 30 19:25:14 2021
2,1,Fri Apr 30 19:25:15 2021
1,1,Fri Apr 30 19:25:18 2021
2,1,Fri Apr 30 19:25:21 2021
1,1,Fri Apr 30 19:25:24 2021
2,1,Fri Apr 30 19:25:28 2021
2,1,Fri Apr 30 19:25:39 2021
2,1,Fri Apr 30 19:25:43 2021
2,1,Fri Apr 30 19:25:49 2021
2,1,Fri Apr 30 19:25:54 2021
2,1,Fri Apr 30 19:26:02 2021
2,1,Fri Apr 30 19:26:07 2021
2,1,Fri Apr 30 19:26:11 2021
2,1,Fri Apr 30 19:26:16 2021
2,1,Fri Apr 30 19:26:28 2021
2,1,Fri Apr 30 19:26:34 2021
1,1,Fri Apr 30 19:26:37 2021
2,1,Fri Apr 30 19:26:41 2021
1,1,Fri Apr 30 19:26:46 2021
1,1,Fri Apr 30 19:26:51 2021
1,1,Fri Apr 30 19:26:55 2021
1,1,Fri Apr 30 19:27:00 2021
