<?xml version="1.0" encoding="UTF-8"?>
<config xmlns="http://www.knime.org/2008/09/XMLConfig" xmlns:xsi="http://www.w3.org/2001/XMLSchema-instance" xsi:schemaLocation="http://www.knime.org/2008/09/XMLConfig http://www.knime.org/XMLConfig_2008_09.xsd" key="MiningSchema">
    <config key="learning">
        <entry key="array-size" type="xint" value="20"/>
        <entry key="0" type="xstring" value="Year"/>
        <entry key="1" type="xstring" value="Life expectancy"/>
        <entry key="2" type="xstring" value="Adult Mortality"/>
        <entry key="3" type="xstring" value="infant deaths"/>
        <entry key="4" type="xstring" value="Alcohol"/>
        <entry key="5" type="xstring" value="percentage expenditure"/>
        <entry key="6" type="xstring" value="Hepatitis B"/>
        <entry key="7" type="xstring" value="Measles"/>
        <entry key="8" type="xstring" value="BMI"/>
        <entry key="9" type="xstring" value="under-five deaths"/>
        <entry key="10" type="xstring" value="Polio"/>
        <entry key="11" type="xstring" value="Total expenditure"/>
        <entry key="12" type="xstring" value="Diphtheria"/>
        <entry key="13" type="xstring" value="HIV/AIDS"/>
        <entry key="14" type="xstring" value="GDP"/>
        <entry key="15" type="xstring" value="Population"/>
        <entry key="16" type="xstring" value="thinness  1-19 years"/>
        <entry key="17" type="xstring" value="thinness 5-9 years"/>
        <entry key="18" type="xstring" value="Income composition of resources"/>
        <entry key="19" type="xstring" value="Schooling"/>
    </config>
    <config key="target">
        <entry key="array-size" type="xint" value="1"/>
        <entry key="0" type="xstring" value="Status"/>
    </config>
</config>
